epoch,train_total,train_heatmap,train_pair_coord,train_direct_pair,train_diameter,train_separation,train_collapse,val_score,val_pair_mean,val_landmark_mean,val_ofd_mae,val_ofd_median,val_ofd_p90,val_bpd_mae,val_bpd_median,val_bpd_p90,val_pck5,val_pck10,val_pck20,val_pck50,lr_backbone,lr_head,epoch_time_sec
6,0.17945090649896359,0.08731219823281448,0.01659742073739419,0.05988913464797548,0.008266091304662895,0.008266091304662895,5.4826517602539595e-06,15.504682779312134,15.933711051940918,15.689065933227539,16.100183486938477,14.919784545898438,24.263805389404297,14.051125526428223,14.391082763671875,20.163053512573242,6.434599156118144,37.447257383966246,80.69620253164557,97.15189873417721,4.649660764164618e-06,4.6464758620206605e-05,54.25521230697632
7,0.16123521224741477,0.08287816979439862,0.014591903422947928,0.05187833746782986,0.005761442398119448,0.005761442398119448,0.0,15.996796131134033,16.00139808654785,15.708027839660645,17.012277603149414,16.89892578125,25.665861129760742,14.972110748291016,14.192245483398438,20.91874885559082,5.9071729957805905,34.07172995780591,81.11814345991561,97.9957805907173,4.527317061077995e-06,4.523019943451431e-05,54.50032138824463
8,0.154465873602284,0.08027646744466689,0.01378252414610596,0.0495074941406408,0.005391865478848186,0.005391865478848186,5.770931507123098e-07,16.51896071434021,16.351804733276367,15.760149955749512,18.36225700378418,18.094039916992188,26.463987350463867,15.009976387023926,14.3409423828125,21.08726692199707,6.223628691983123,34.38818565400844,81.11814345991561,97.46835443037975,4.388851878358937e-06,4.3832959863440185e-05,54.22486662864685
9,0.14809129674391575,0.07800469933504081,0.013050553632945001,0.04661695555929678,0.00508407606544809,0.00508407606544809,6.902255658056367e-07,17.266865253448486,17.113000869750977,16.864171981811523,19.8668270111084,19.985809326171875,27.607187271118164,14.974632263183594,15.016082763671875,21.647918701171875,3.79746835443038,27.004219409282697,77.9535864978903,97.15189873417721,4.235380056242489e-06,4.2284289658446944e-05,54.308725118637085
10,0.1423388648643551,0.07711737908153649,0.012136717671977288,0.04435837516808007,0.004420939043615888,0.004420939043615888,1.4750403352081776e-06,16.403151273727417,15.989923477172852,15.576637268066406,19.966257095336914,20.035186767578125,28.661174774169922,13.66650104522705,12.958251953125,19.903804779052734,5.80168776371308,33.9662447257384,80.0632911392405,97.8902953586498,4.068137259600365e-06,4.059665780142187e-05,54.235920429229736
11,0.1416226379034749,0.07648679389652,0.012026294420686472,0.043405639265764906,0.004901790535231738,0.004901790535231738,2.9073801598939777e-06,15.967003345489502,15.601935386657715,15.416794776916504,21.00857162475586,21.336639404296875,29.654333114624023,11.655570983886719,11.24310302734375,18.662151336669922,8.016877637130802,35.0210970464135,79.74683544303798,97.78481012658227,3.8884700290939535e-06,3.8783652111766256e-05,54.280991554260254
12,0.13702067957226052,0.07516687188342393,0.011432309888853097,0.041303793518209314,0.004600871324536379,0.004600871324536379,7.350037382152605e-06,15.912412881851196,15.47195816040039,15.285248756408691,20.451818466186523,20.046966552734375,27.65263557434082,12.25391674041748,12.794357299804688,18.66457748413086,5.69620253164557,36.60337552742617,82.17299578059072,98.10126582278481,3.697824939620671e-06,3.685986984526314e-05,54.23472356796265
13,0.13116023568324295,0.07371034289160407,0.010550380422150245,0.03995767559474671,0.0038797545547636383,0.0038797545547636383,5.630946876649487e-07,15.872729301452637,15.306896209716797,15.100357055664062,20.11742401123047,19.189056396484375,27.33141326904297,12.759700775146484,13.136734008789062,19.951950073242188,6.118143459915612,35.232067510548525,83.64978902953587,97.9957805907173,3.4977369533434605e-06,3.4840800165556744e-05,54.219624757766724
14,0.1280934346548046,0.07319027782384172,0.009797455879006848,0.039483982783529055,0.0038456510337271602,0.0038456510337271602,6.424602381767146e-07,16.21144723892212,15.809635162353516,15.198969841003418,19.791091918945312,19.5028076171875,27.16533088684082,13.435426712036133,12.353759765625,19.194324493408203,7.2784810126582276,35.970464135021096,81.64556962025317,97.78481012658227,3.289817061077994e-06,3.2742699434514314e-05,54.23212790489197
